Episode,Score
0,42.55329342937267
1,-69.17095089213953
2,-158.08532298423313
3,-149.36415587865446
4,-87.48298594396653
5,-79.71913681210364
6,-186.70690814821694
7,-83.19946499643783
8,61.60067607338638
9,-260.5070287579572
10,-53.17182414195605
11,-76.55682470455277
12,21.16129593857717
13,-16.6924531279912
14,-304.0523829196669
15,-83.36767849327221
16,-44.122874592868705
17,-153.64093233259652
18,-4.397234858127803
19,-147.39594554410144
20,26.02800739617102
21,-188.75830867682396
22,-144.85942338065604
23,-76.18869514412779
24,-85.65398453903961
25,-164.52947866666872
26,-133.85214194863084
27,-220.99501033124238
28,-179.76310507623714
29,-63.64482819994514
30,-102.78055379402
31,-94.86542709397212
32,-88.00518060433907
33,-61.18344899101612
34,-52.3978024375657
35,-48.98737176644559
36,-250.22288389630347
37,-112.21936701343587
38,-75.79993569262886
39,-180.31071913583438
40,-89.69281232380433
41,-18.049553335603278
42,-185.98726270671224
43,18.90246789846266
44,-67.46309038569814
45,-62.04948758786708
46,-264.2850798328956
47,-278.3286578851631
48,-62.980534890087085
49,-98.6979085143821
