Episode,Score
0,-66.76223341584341
1,-43.222489446904554
2,-176.79724657298743
3,-32.62394334096521
4,-194.30439843230022
5,-136.50117645241676
6,-65.03968750485932
7,-227.14962730223726
8,-78.63126119650599
9,-45.14817391061398
10,-83.42113940209907
11,-73.0527112565091
12,-39.428424700344735
13,-98.64292776772939
14,46.60534286727767
15,-168.29146882823335
16,-80.77054895029504
17,-132.31817283509037
18,-178.3558298575607
19,-60.65061121973283
20,-260.178200986992
21,-153.1563935134286
22,-179.68143918928692
23,33.05828510207914
24,-50.672325807870955
25,-91.59312955389802
26,-194.20270346539343
27,-74.34752823639961
28,-182.07056999137149
29,-105.63120898745737
30,-186.25957813941162
31,-56.166253192378576
32,-59.765263050471724
33,-48.0608806655988
34,-285.13739588995907
35,-312.9525952553204
36,-140.75064592867997
37,-61.47303722610286
38,-85.64172855210074
39,-148.80588325225398
40,-314.1177838875111
41,-191.52335891260623
42,-322.28260963563207
43,-86.20074040573931
44,30.788285455087532
45,-180.47633873630843
46,-190.0275975662203
47,-96.21589451452914
48,-71.57923033263663
49,12.227220770463518
